Code géographique,statut,couleur,
91027,commune libérée de l’obligation car en dehors du périmètre de la ZFEm de la MGP,#E0E0E0
91326,commune libérée de l’obligation car en dehors du périmètre de la ZFEm de la MGP,#E0E0E0
91432,commune libérée de l’obligation car en dehors du périmètre de la ZFEm de la MGP,#E0E0E0
91479,commune libérée de l’obligation car en dehors du périmètre de la ZFEm de la MGP,#E0E0E0
91589,commune libérée de l’obligation car en dehors du périmètre de la ZFEm de la MGP,#E0E0E0
91687,commune libérée de l’obligation car en dehors du périmètre de la ZFEm de la MGP,#E0E0E0
93005,commune libérée de l’obligation car en dehors du périmètre de la ZFEm de la MGP,#E0E0E0
93007,commune libérée de l’obligation car en dehors du périmètre de la ZFEm de la MGP,#E0E0E0
93013,commune libérée de l’obligation car en dehors du périmètre de la ZFEm de la MGP,#E0E0E0
93014,commune libérée de l’obligation car en dehors du périmètre de la ZFEm de la MGP,#E0E0E0
93015,commune libérée de l’obligation car en dehors du périmètre de la ZFEm de la MGP,#E0E0E0
93030,commune libérée de l’obligation car en dehors du périmètre de la ZFEm de la MGP,#E0E0E0
93031,commune libérée de l’obligation car en dehors du périmètre de la ZFEm de la MGP,#E0E0E0
93032,commune libérée de l’obligation car en dehors du périmètre de la ZFEm de la MGP,#E0E0E0
93033,commune libérée de l’obligation car en dehors du périmètre de la ZFEm de la MGP,#E0E0E0
93046,commune libérée de l’obligation car en dehors du périmètre de la ZFEm de la MGP,#E0E0E0
93047,commune libérée de l’obligation car en dehors du périmètre de la ZFEm de la MGP,#E0E0E0
93049,commune libérée de l’obligation car en dehors du périmètre de la ZFEm de la MGP,#E0E0E0
93050,commune libérée de l’obligation car en dehors du périmètre de la ZFEm de la MGP,#E0E0E0
93051,commune libérée de l’obligation car en dehors du périmètre de la ZFEm de la MGP,#E0E0E0
93057,commune libérée de l’obligation car en dehors du périmètre de la ZFEm de la MGP,#E0E0E0
93059,commune libérée de l’obligation car en dehors du périmètre de la ZFEm de la MGP,#E0E0E0
93062,commune libérée de l’obligation car en dehors du périmètre de la ZFEm de la MGP,#E0E0E0
93071,commune libérée de l’obligation car en dehors du périmètre de la ZFEm de la MGP,#E0E0E0
93072,commune libérée de l’obligation car en dehors du périmètre de la ZFEm de la MGP,#E0E0E0
93073,commune libérée de l’obligation car en dehors du périmètre de la ZFEm de la MGP,#E0E0E0
93074,commune libérée de l’obligation car en dehors du périmètre de la ZFEm de la MGP,#E0E0E0
93077,commune libérée de l’obligation car en dehors du périmètre de la ZFEm de la MGP,#E0E0E0
93078,commune libérée de l’obligation car en dehors du périmètre de la ZFEm de la MGP,#E0E0E0
93079,commune libérée de l’obligation car en dehors du périmètre de la ZFEm de la MGP,#E0E0E0
94001,commune libérée de l’obligation car en dehors du périmètre de la ZFEm de la MGP,#E0E0E0
94004,commune libérée de l’obligation car en dehors du périmètre de la ZFEm de la MGP,#E0E0E0
94011,commune libérée de l’obligation car en dehors du périmètre de la ZFEm de la MGP,#E0E0E0
94015,commune libérée de l’obligation car en dehors du périmètre de la ZFEm de la MGP,#E0E0E0
94019,commune libérée de l’obligation car en dehors du périmètre de la ZFEm de la MGP,#E0E0E0
94044,commune libérée de l’obligation car en dehors du périmètre de la ZFEm de la MGP,#E0E0E0
94047,commune libérée de l’obligation car en dehors du périmètre de la ZFEm de la MGP,#E0E0E0
94048,commune libérée de l’obligation car en dehors du périmètre de la ZFEm de la MGP,#E0E0E0
94053,commune libérée de l’obligation car en dehors du périmètre de la ZFEm de la MGP,#E0E0E0
94054,commune libérée de l’obligation car en dehors du périmètre de la ZFEm de la MGP,#E0E0E0
94055,commune libérée de l’obligation car en dehors du périmètre de la ZFEm de la MGP,#E0E0E0
94056,commune libérée de l’obligation car en dehors du périmètre de la ZFEm de la MGP,#E0E0E0
94058,commune libérée de l’obligation car en dehors du périmètre de la ZFEm de la MGP,#E0E0E0
94059,commune libérée de l’obligation car en dehors du périmètre de la ZFEm de la MGP,#E0E0E0
94060,commune libérée de l’obligation car en dehors du périmètre de la ZFEm de la MGP,#E0E0E0
94068,commune libérée de l’obligation car en dehors du périmètre de la ZFEm de la MGP,#E0E0E0
94070,commune libérée de l’obligation car en dehors du périmètre de la ZFEm de la MGP,#E0E0E0
94071,commune libérée de l’obligation car en dehors du périmètre de la ZFEm de la MGP,#E0E0E0
94074,commune libérée de l’obligation car en dehors du périmètre de la ZFEm de la MGP,#E0E0E0
94075,commune libérée de l’obligation car en dehors du périmètre de la ZFEm de la MGP,#E0E0E0
94077,commune libérée de l’obligation car en dehors du périmètre de la ZFEm de la MGP,#E0E0E0
94078,commune libérée de l’obligation car en dehors du périmètre de la ZFEm de la MGP,#E0E0E0
94079,commune libérée de l’obligation car en dehors du périmètre de la ZFEm de la MGP,#E0E0E0
95018,commune libérée de l’obligation car en dehors du périmètre de la ZFEm de la MGP,#E0E0E0
94034,commune obligée avec ZFEm avec mise en place différée,#FFCB8D
94037,commune obligée avec ZFEm avec mise en place différée,#FFCB8D
94038,commune obligée avec ZFEm avec mise en place différée,#FFCB8D
92002,commune obligée avec ZFEm en vigueur,#0BC094
92004,commune obligée avec ZFEm en vigueur,#0BC094
92012,commune obligée avec ZFEm en vigueur,#0BC094
92014,commune obligée avec ZFEm en vigueur,#0BC094
92022,commune obligée avec ZFEm en vigueur,#0BC094
92024,commune obligée avec ZFEm en vigueur,#0BC094
92026,commune obligée avec ZFEm en vigueur,#0BC094
92032,commune obligée avec ZFEm en vigueur,#0BC094
92040,commune obligée avec ZFEm en vigueur,#0BC094
92046,commune obligée avec ZFEm en vigueur,#0BC094
92047,commune obligée avec ZFEm en vigueur,#0BC094
92048,commune obligée avec ZFEm en vigueur,#0BC094
92050,commune obligée avec ZFEm en vigueur,#0BC094
92051,commune obligée avec ZFEm en vigueur,#0BC094
92063,commune obligée avec ZFEm en vigueur,#0BC094
92071,commune obligée avec ZFEm en vigueur,#0BC094
92072,commune obligée avec ZFEm en vigueur,#0BC094
92075,commune obligée avec ZFEm en vigueur,#0BC094
92076,commune obligée avec ZFEm en vigueur,#0BC094
92077,commune obligée avec ZFEm en vigueur,#0BC094
93001,commune obligée avec ZFEm en vigueur,#0BC094
93039,commune obligée avec ZFEm en vigueur,#0BC094
93045,commune obligée avec ZFEm en vigueur,#0BC094
93048,commune obligée avec ZFEm en vigueur,#0BC094
93055,commune obligée avec ZFEm en vigueur,#0BC094
93061,commune obligée avec ZFEm en vigueur,#0BC094
93064,commune obligée avec ZFEm en vigueur,#0BC094
93070,commune obligée avec ZFEm en vigueur,#0BC094
94002,commune obligée avec ZFEm en vigueur,#0BC094
94003,commune obligée avec ZFEm en vigueur,#0BC094
94016,commune obligée avec ZFEm en vigueur,#0BC094
94018,commune obligée avec ZFEm en vigueur,#0BC094
94043,commune obligée avec ZFEm en vigueur,#0BC094
94052,commune obligée avec ZFEm en vigueur,#0BC094
94067,commune obligée avec ZFEm en vigueur,#0BC094
94069,commune obligée avec ZFEm en vigueur,#0BC094
94073,commune obligée avec ZFEm en vigueur,#0BC094
94076,commune obligée avec ZFEm en vigueur,#0BC094
94080,commune obligée avec ZFEm en vigueur,#0BC094
75056,commune obligée avec ZFEm en vigueur,#0BC094
92007,commune obligée sans ZFEm,#FF8300
92009,commune obligée sans ZFEm,#FF8300
92019,commune obligée avec ZFEm en vigueur,#0BC094
92020,commune obligée avec ZFEm en vigueur,#0BC094
92023,commune obligée avec ZFEm en vigueur,#0BC094
92025,commune obligée avec ZFEm en vigueur,#0BC094
92033,commune obligée avec ZFEm en vigueur,#0BC094
92035,commune obligée avec ZFEm en vigueur,#0BC094
92036,commune obligée sans ZFEm,#FF8300
92044,commune obligée avec ZFEm en vigueur,#0BC094
92049,commune obligée avec ZFEm en vigueur,#0BC094
92060,commune obligée sans ZFEm,#FF8300
92062,commune obligée avec ZFEm en vigueur,#0BC094
92064,commune obligée sans ZFEm,#FF8300
92073,commune obligée avec ZFEm avec mise en place différée,#FFCB8D
92078,commune obligée avec ZFEm en vigueur,#0BC094
93006,commune obligée avec ZFEm en vigueur,#0BC094
93008,commune obligée sans ZFEm,#FF8300
93010,commune obligée sans ZFEm,#FF8300
93027,commune obligée sans ZFEm,#FF8300
93029,commune obligée sans ZFEm,#FF8300
93053,commune obligée avec ZFEm en vigueur,#0BC094
93063,commune obligée sans ZFEm,#FF8300
93066,commune obligée avec ZFEm en vigueur,#0BC094
94017,commune obligée sans ZFEm,#FF8300
94021,commune obligée avec ZFEm en vigueur,#0BC094
94022,commune obligée sans ZFEm,#FF8300
94028,commune obligée sans ZFEm,#FF8300
94033,commune obligée avec ZFEm en vigueur,#0BC094
94041,commune obligée avec ZFEm en vigueur,#0BC094
94042,commune obligée sans ZFEm,#FF8300
94046,commune obligée sans ZFEm,#FF8300
94065,commune obligée avec ZFEm en vigueur,#0BC094
94081,commune obligée avec ZFEm en vigueur,#0BC094
